ticker,anomaly_type,volume_ratio,price_change,rsi,anomaly_strength,explanation
RELIANCE,price_move,1.398,-4.6,37.327,0.221,"The recent anomaly in Reliance's stock price, characterized by a high volume and a price decline of 4.60%, is likely a result of profit-taking or short-term selling pressure following the company's recent price surge. Given the Reliance's RSI (Relative Strength Index) reading of 37.3, which suggests the stock is in oversold territory, it is worth investigating whether this presents a potential buying opportunity, especially considering the increased trading volume."
TCS,oversold,1.179,0.522,28.487,0.055,"The recent surge in volume 1.2x above the 30-day average, combined with a decline in RSI to 28.5, suggests that TCS may have experienced a buying interest on account of an acquisition announcement or a partnership with a significant client, triggering a possible 'buy' recommendation. Given the low RSI reading, it may be worth investigating whether this is an over-reaction or a genuine opportunity, warranting a closer look into the company's recent developments and near-term prospects to inform a potential investment decision."
HDFCBANK,"price_move, oversold",1.455,-3.336,29.938,0.185,"The significant drop in price (-3.34%) and low RSI (29.9) despite high volume (1.5x above 30-day average) for HDFCBANK likely indicates a buying opportunity as the market's short-term pessimism may be overplayed, possibly due to weak economic indicators in the recent session. This anomaly is worth investigating further, and potential catalysts could be sector-specific events, government announcements, or unexpected changes in HDFC Bank's financial performance or industry outlook."
MARUTI,oversold,1.525,-2.533,28.509,0.177,"The recent 1.5x increase in Maruti's trading volume, coupled with a price decline of -2.53% and RSI of 28.5, likely indicates a short covering scenario, where investors are closing their short positions in Maruti, driving up the volume but also causing a short-term price correction as these positions are covered. This anomaly warrants investigation, as a short covering rally can sometimes persist, and Maruti's fundamentals or broader market conditions may still be driving underlying bullish sentiment, making it worth examining further for potential investment opportunities."
BHARTIARTL,volume_spike,2.635,0.49,45.494,0.262,"The increased volume of BHARTIARTL may be attributed to a buy signal after a brief correction as the Relative Strength Index (RSI) of 45.5 suggests the stock price has regained some momentum, while a volume spike often occurs during times of accumulation or increased investor interest. Given these observations, it is worth investigating the stock's fundamentals, industry trends, and any potential catalysts for this sudden increase in volume to determine if it represents a buying opportunity."
BPCL,"volume_spike, oversold",2.478,-0.65,18.174,0.323,"The significant increase in volume and the bearish RSI reading (18.2) suggests that the stock is experiencing a high amount of selling pressure, potentially due to concerns over the government's divestment plans in BPCL, which may have triggered a sell-off among investors. This anomaly is worth investigating further to gauge the potential impact of divestment plans on the company's performance and stock price volatility."
ONGC,"volume_spike, price_move",2.374,4.349,52.97,0.358,"This significant trading volume anomaly in ONGC could be attributed to large-scale selling or buying by institutional investors or an announcement of substantial reserves being discovered, resulting in a surge in investor interest. Given the moderate RSI reading and recent price gain, it's worth investigating whether this is a legitimate market reaction to positive news or a technical aberration, particularly with a 4.35% price move that suggests an underlying sentiment shift."
INDIGO,price_move,1.061,-4.545,41.018,0.168,"The recent price drop of -4.55% and RSI of 41.0 in INDIGO likely resulted from profit-taking or market correction after a period of elevated volume, indicating a potential oversold condition that warrants further analysis. This anomaly is worth investigating, especially given the moderate increase in trading volume relative to the 30-day average, suggesting that market participants are still engaged and potentially seeking entry points."
SBIN,"price_move, oversold",1.23,-3.875,27.812,0.185,"The significant drop in price (-3.88%) and subsequent low RSI reading (27.8) may indicate a possible reaction to recent macroeconomic data, potential concerns over a rising interest rate cycle, or specific sector-specific headwinds impacting State Bank of India (SBIN), causing its stock to underperform. This anomaly is worth investigating as it could present an attractive entry-point for investors given the stock's increased trading volume and the relative undervaluation indicated by the low RSI reading."
ADANIENT,"price_move, oversold",1.449,-3.371,28.58,0.195,"Given the significant increase in volume (1.4x above 30-day average) and the decline in price (-3.37%), despite the RSI reading of 28.6 indicating oversold conditions, it's likely that this anomaly was triggered by profit-taking or a sudden shift in investor sentiment driven by a specific news event. However, due to the relatively low RSI reading and the oversold indicator suggesting a potential buying opportunity, it's worth investigating further to see if there's a compelling reason to buy or to wait for a potential bounce."
BRITANNIA,oversold,1.159,-2.603,28.982,0.122,"The recent -2.60% price move and RSI reading of 29.0 suggest that BRITANNIA's stock price may be experiencing selling pressure, potentially driven by a negative earnings surprise or weak industry fundamentals. Given the significant deviation in trading volume (1.2x above the 30-day average) and the low RSI, this anomaly is worth investigating to understand the underlying cause and assess its potential impact on the stock's future performance."
YESBANK,volume_spike,2.598,-1.895,31.273,0.306,"The observed anomaly in YESBANK's stock price, characterized by above-average volume and a low RSI reading despite a recent price decrease, likely indicates a potential accumulation or short-selling activity by institutional investors, suggesting a possible undervaluation of the stock. It is worth investigating further, as the confluence of these indicators and the stock's recent price movement may warrant closer examination to determine if the current price represents a buying opportunity."
UPL,price_move,1.27,-4.702,40.333,0.205,"The price decline of UPL by -4.70% and its 1.3x volume surge above the 30-day average, with the RSI at 40.3, suggests a potential profit-taking or selling pressure, likely triggered by investors locking in profits or adjusting their positions following a recent rally in the company's stock price. Despite the moderate RSI reading, I would recommend investigating this anomaly, as it warrants further analysis of UPL's fundamental and technical picture, including sector trends, earnings releases, and recent news events, to understand the underlying causes of this selling pressure."
GRASIM,volume_spike,2.338,-0.74,44.179,0.227,"The recent surge in volume for GRASIM stock, combined with a minor price decline, may be indicative of a brief period of accumulation by institutional investors or a short squeeze, warranting further investigation. The RSI reading of 44.2 suggests the stock is not overbought, making it a potentially attractive candidate for a closer examination of its fundamental and technical dynamics."
HCLTECH,volume_spike,2.422,-1.223,51.638,0.256,"The significant increase in trading volume, approximately 2.4 times the 30-day average, along with the price movement of -1.22% despite an RSI reading of 51.6 (indicating oversold but not extremely low), suggests that HCLTECH might be experiencing a brief correction after a recent surge or a temporary imbalance in trading activity. It is worth investigating further, as this combination may be indicative of a larger market or sector trend affecting the stock, or potentially an opportunity for a contrarian buy in a short-term correction."
SBICARD,"volume_spike, price_move",2.832,-3.749,37.319,0.406,"The significant volume increase (-3.75% price drop) accompanied by a relatively low RSI (37.3) in SBI Card stocks suggests a potential sell-off driven by profit-taking or a minor correction rather than a major sell signal, as the RSI is still above 30 (typically indicating an oversold market). Given the relatively low RSI, it may be worth investigating further to assess the underlying catalyst for this anomaly, potentially identifying a buying opportunity if the correction is temporary."
CIPLA,oversold,1.46,-0.169,29.005,0.082,"The recent surge in trading volume for CIPLA, coupled with a significantly low RSI of 29.0, suggests that investors are likely taking a cautious stance, potentially due to overvaluation concerns or short-term profit-taking in the wake of its recent price performance. This anomaly warrants further investigation, as it could indicate a potential short-term opportunity to assess the underlying drivers behind the stock's behavior and identify potential areas for long-term growth."
BEL,oversold,1.214,-2.104,23.414,0.15,"The recent price move of -2.10% and low RSI reading of 23.4 suggest that BEL experienced significant selling pressure, potentially driven by a surprise negative earnings announcement or unexpected guidance reduction, despite relatively strong trading volume. Given the low RSI reading, it may be worth investigating this anomaly further, as it could indicate undervaluation or a buying opportunity in the stock."
SHRIRAMFIN,price_move,1.553,-5.46,38.989,0.274,"The recent 1.6x surge in volume for SHRIRAMFIN, coupled with an -5.46% price move and a relatively low RSI of 39.0, likely indicates a reaction to bearish news or significant sell-off by a substantial shareholder, necessitating a deeper investigation into potential company-specific issues. It is worth investigating SHRIRAMFIN further to determine the root cause of this anomaly, considering its potential impact on future stock performance and investor sentiment."
